"(n,q)",Connected,Tor(K_0) cyclic,Rank(K_1) > 0,All cyclic,,2-cyclic,2-Sylow = 0,2-Sylow = Z/2Z,2-Sylow = Z/(2^2Z),2-Sylow = (Z/2Z)^2,2-Sylow = Z/(2^3Z),2-Sylow = (Z/2Z)^3,2-Sylow = Z/(2^4Z),2-Sylow = (Z/2Z)^4,2-Sylow = Z/(2^5Z),2-Sylow = (Z/2Z)^5,2-Sylow = Z/(2^6Z),2-Sylow = (Z/2Z)^6,2-Sylow = Z/(2^7Z),2-Sylow = (Z/2Z)^7,2-Sylow = Z/(2^8Z),2-Sylow = (Z/2Z)^8,2-Sylow = Z/(2^9Z),2-Sylow = (Z/2Z)^9,2-Sylow = Z/(2^10Z),2-Sylow = (Z/2Z)^10,2-Sylow = Z/(2^11Z),2-Sylow = (Z/2Z)^11,2-Sylow = Z/(2^12Z),2-Sylow = (Z/2Z)^12,2-Sylow = Z/(2^13Z),2-Sylow = (Z/2Z)^13,,3-cyclic,3-Sylow = 0,3-Sylow = Z/3Z,3-Sylow = Z/(3^2Z),3-Sylow = (Z/3Z)^2,3-Sylow = Z/(3^3Z),3-Sylow = (Z/3Z)^3,3-Sylow = Z/(3^4Z),3-Sylow = (Z/3Z)^4,3-Sylow = Z/(3^5Z),3-Sylow = (Z/3Z)^5,3-Sylow = Z/(3^6Z),3-Sylow = (Z/3Z)^6,3-Sylow = Z/(3^7Z),3-Sylow = (Z/3Z)^7,3-Sylow = Z/(3^8Z),3-Sylow = (Z/3Z)^8,,5-cyclic,5-Sylow = 0,5-Sylow = Z/5Z,5-Sylow = Z/(5^2Z),5-Sylow = (Z/5Z)^2,5-Sylow = Z/(5^3Z),5-Sylow = (Z/5Z)^3,5-Sylow = Z/(5^4Z),5-Sylow = (Z/5Z)^4,5-Sylow = Z/(5^5Z),5-Sylow = (Z/5Z)^5,,7-cyclic,7-Sylow = 0,7-Sylow = Z/7Z,7-Sylow = Z/(7^2Z),7-Sylow = (Z/7Z)^2,7-Sylow = Z/(7^3Z),7-Sylow = (Z/7Z)^3,7-Sylow = Z/(7^4Z),7-Sylow = (Z/7Z)^4,,11-cyclic,11-Sylow = 0,11-Sylow = Z/11Z,11-Sylow = Z/(11^2Z),11-Sylow = (Z/11Z)^2,11-Sylow = Z/(11^3Z),11-Sylow = (Z/11Z)^3,,13-cyclic,13-Sylow = 0,13-Sylow = Z/13Z,13-Sylow = Z/(13^2Z),13-Sylow = (Z/13Z)^2,13-Sylow = Z/(13^3Z),13-Sylow = (Z/13Z)^3,,17-cyclic,17-Sylow = 0,17-Sylow = Z/17Z,17-Sylow = Z/(17^2Z),17-Sylow = (Z/17Z)^2,17-Sylow = Z/(17^3Z),17-Sylow = (Z/17Z)^3,,19-cyclic,19-Sylow = 0,19-Sylow = Z/19Z,19-Sylow = Z/(19^2Z),19-Sylow = (Z/19Z)^2,19-Sylow = Z/(19^3Z),19-Sylow = (Z/19Z)^3,,23-cyclic,23-Sylow = 0,23-Sylow = Z/23Z,23-Sylow = Z/(23^2Z),23-Sylow = (Z/23Z)^2,,29-cyclic,29-Sylow = 0,29-Sylow = Z/29Z,29-Sylow = Z/(29^2Z),29-Sylow = (Z/29Z)^2,,31-cyclic,31-Sylow = 0,31-Sylow = Z/31Z,31-Sylow = Z/(31^2Z),31-Sylow = (Z/31Z)^2,,37-cyclic,37-Sylow = 0,37-Sylow = Z/37Z,37-Sylow = Z/(37^2Z),37-Sylow = (Z/37Z)^2,,137-cyclic,137-Sylow = 0,137-Sylow = Z/137Z,,277-cyclic,277-Sylow = 0,277-Sylow = Z/277Z
"(∞,q)",m−O(1/n),0.84693,m(√ (1−ε) + o(1))ⁿ,,,0.86636,0.28879,0.28879,0.14439,0.04813,0.07220,0.00172,0.03610,0.00001,0.01805,0.00000,0.00902,0.00000,0.00451,0.00000,0.00226,0.00000,0.00113,0.00000,0.00056,0.00000,0.00028,0.00000,0.00014,0.00000,0.00007,0.00000,,0.98022,0.56013,0.28006,0.09335,0.01167,0.03112,0.00005,0.01037,0.00000,0.00346,0.00000,0.00115,0.00000,0.00038,0.00000,0.00013,0.00000,,0.99794,0.76033,0.19008,0.03802,0.00158,0.00760,0.00000,0.00152,0.00000,0.00030,0.00000,,0.99951,0.83680,0.13947,0.01992,0.00042,0.00285,0.00000,0.00041,0.00000,,0.99992,0.90083,0.09008,0.00819,0.00007,0.00074,0.00000,,0.99996,0.91716,0.07643,0.00588,0.00003,0.00045,0.00000,,0.99999,0.93772,0.05861,0.00345,0.00001,0.00020,0.00000,,0.99999,0.94460,0.05248,0.00276,0.00001,0.00015,0.00000,,1.00000,0.95463,0.04339,0.00189,0.00000,,1.00000,0.96433,0.03444,0.00119,0.00000,,1.00000,0.96670,0.03222,0.00104,0.00000,,1.00000,0.97224,0.02701,0.00073,0.00000,,1.00000,0.99265,0.00730,,1.00000,0.99638,0.00361
"(50, 1/4)",99994,84756,0,0.84771,,86679,28663,28753,14625,4863,7234,166,3705,1,1843,0,937,0,447,0,249,0,115,0,37,0,29,0,19,0,8,0,,98057,55893,28013,9409,1186,3181,5,1028,0,351,0,119,0,46,0,11,0,,99793,76169,18946,3712,147,756,0,175,0,27,0,,99955,83657,13919,2028,35,302,0,45,0,,99994,90039,9066,808,6,78,0,,99998,91682,7662,609,2,39,0,,99999,93781,5882,316,1,18,0,,99999,94416,5306,260,1,17,0,,99999,95509,4307,179,1,,99999,96430,3452,115,1,,100000,96660,3217,118,0,,100000,97233,2696,70,0,,100000,99296,699,,100000,99664,336
,"[0.9999, 1.0000]","[0.8446, 0.8505]","[0.0000, 0.0000]",,,"[0.8640, 0.8696]","[0.2829, 0.2903]","[0.2838, 0.2912]","[0.1434, 0.1491]","[0.0469, 0.0504]","[0.0702, 0.0745]","[0.0013, 0.0020]","[0.0355, 0.0386]","[-0.0000, 0.0000]","[0.0173, 0.0195]","[0.0000, 0.0000]","[0.0086, 0.0102]","[0.0000, 0.0000]","[0.0039, 0.0050]","[0.0000, 0.0000]","[0.0021, 0.0029]","[0.0000, 0.0000]","[0.0009, 0.0014]","[0.0000, 0.0000]","[0.0002, 0.0005]","[0.0000, 0.0000]","[0.0002, 0.0004]","[0.0000, 0.0000]","[0.0001, 0.0003]","[0.0000, 0.0000]","[0.0000, 0.0002]","[0.0000, 0.0000]",,"[0.9794, 0.9817]","[0.5549, 0.5630]","[0.2765, 0.2838]","[0.0917, 0.0965]","[0.0110, 0.0127]","[0.0304, 0.0332]","[-0.0000, 0.0001]","[0.0095, 0.0111]","[0.0000, 0.0000]","[0.0030, 0.0040]","[0.0000, 0.0000]","[0.0009, 0.0015]","[0.0000, 0.0000]","[0.0003, 0.0006]","[0.0000, 0.0000]","[0.0000, 0.0002]","[0.0000, 0.0000]",,"[0.9976, 0.9983]","[0.7582, 0.7652]","[0.1863, 0.1927]","[0.0356, 0.0387]","[0.0012, 0.0018]","[0.0069, 0.0083]","[0.0000, 0.0000]","[0.0014, 0.0021]","[0.0000, 0.0000]","[0.0001, 0.0004]","[0.0000, 0.0000]",,"[0.9994, 0.9997]","[0.8336, 0.8396]","[0.1364, 0.1420]","[0.0191, 0.0214]","[0.0002, 0.0005]","[0.0026, 0.0035]","[0.0000, 0.0000]","[0.0003, 0.0006]","[0.0000, 0.0000]",,"[0.9999, 1.0000]","[0.8980, 0.9028]","[0.0883, 0.0930]","[0.0074, 0.0088]","[-0.0000, 0.0001]","[0.0006, 0.0010]","[0.0000, 0.0000]",,"[0.9999, 1.0000]","[0.9146, 0.9191]","[0.0745, 0.0788]","[0.0055, 0.0067]","[-0.0000, 0.0001]","[0.0002, 0.0006]","[0.0000, 0.0000]",,"[1.0000, 1.0000]","[0.9358, 0.9398]","[0.0569, 0.0607]","[0.0027, 0.0036]","[-0.0000, 0.0000]","[0.0001, 0.0003]","[0.0000, 0.0000]",,"[1.0000, 1.0000]","[0.9423, 0.9460]","[0.0512, 0.0549]","[0.0022, 0.0030]","[-0.0000, 0.0000]","[0.0001, 0.0003]","[0.0000, 0.0000]",,"[1.0000, 1.0000]","[0.9534, 0.9568]","[0.0414, 0.0447]","[0.0014, 0.0021]","[-0.0000, 0.0000]",,"[1.0000, 1.0000]","[0.9628, 0.9658]","[0.0330, 0.0360]","[0.0009, 0.0014]","[-0.0000, 0.0000]",,"[1.0000, 1.0000]","[0.9651, 0.9681]","[0.0307, 0.0336]","[0.0009, 0.0015]","[0.0000, 0.0000]",,"[1.0000, 1.0000]","[0.9710, 0.9737]","[0.0256, 0.0283]","[0.0005, 0.0009]","[0.0000, 0.0000]",,"[1.0000, 1.0000]","[0.9923, 0.9936]","[0.0063, 0.0077]",,"[1.0000, 1.0000]","[0.9962, 0.9971]","[0.0029, 0.0038]"
,,,,,,,,,,,,,,,,,,,,,,,,,,,,,,,,,,,,,,,,,,,,,,,,,,,,,,,,,,,,,,,,,,,,,,,,,,,,,,,,,,,,,,,,,,,,,,,,,,,,,,,,,,,,,,,,,,,,,,,,,,,,,,,,,,,,,,,,
"(100, 1/4)",100000,84586,0,0.84608,,86570,29007,28687,14705,4746,7186,169,3546,2,1745,0,856,0,421,0,196,0,96,0,59,0,29,0,20,0,11,0,,97982,55863,28061,9374,1212,3086,4,1052,0,371,0,120,0,39,0,12,0,,99805,76173,18967,3708,150,776,0,133,0,40,0,,99958,83785,13797,2007,37,312,0,48,0,,99990,89986,9063,844,9,88,0,,99998,91545,7806,601,2,43,0,,99997,93658,6004,318,3,16,0,,99998,94468,5217,296,2,16,0,,100000,95415,4364,214,0,,100000,96457,3412,129,0,,100000,96684,3213,99,0,,100000,97209,2695,93,0,,100000,99281,715,,100000,99670,326
,"[1.0000, 1.0000]","[0.8429, 0.8488]","[0.0000, 0.0000]",,,"[0.8629, 0.8685]","[0.2864, 0.2938]","[0.2832, 0.2906]","[0.1442, 0.1499]","[0.0457, 0.0492]","[0.0698, 0.0740]","[0.0014, 0.0020]","[0.0340, 0.0370]","[-0.0000, 0.0001]","[0.0164, 0.0185]","[0.0000, 0.0000]","[0.0078, 0.0093]","[0.0000, 0.0000]","[0.0037, 0.0047]","[0.0000, 0.0000]","[0.0016, 0.0023]","[0.0000, 0.0000]","[0.0007, 0.0012]","[0.0000, 0.0000]","[0.0004, 0.0008]","[0.0000, 0.0000]","[0.0002, 0.0004]","[0.0000, 0.0000]","[0.0001, 0.0003]","[0.0000, 0.0000]","[0.0000, 0.0002]","[0.0000, 0.0000]",,"[0.9787, 0.9810]","[0.5546, 0.5627]","[0.2770, 0.2843]","[0.0914, 0.0961]","[0.0112, 0.0130]","[0.0295, 0.0323]","[-0.0000, 0.0001]","[0.0097, 0.0114]","[0.0000, 0.0000]","[0.0032, 0.0042]","[0.0000, 0.0000]","[0.0009, 0.0015]","[0.0000, 0.0000]","[0.0002, 0.0006]","[0.0000, 0.0000]","[0.0000, 0.0002]","[0.0000, 0.0000]",,"[0.9977, 0.9984]","[0.7583, 0.7652]","[0.1865, 0.1929]","[0.0355, 0.0386]","[0.0012, 0.0018]","[0.0070, 0.0085]","[0.0000, 0.0000]","[0.0010, 0.0016]","[0.0000, 0.0000]","[0.0002, 0.0006]","[0.0000, 0.0000]",,"[0.9994, 0.9997]","[0.8348, 0.8409]","[0.1352, 0.1408]","[0.0189, 0.0212]","[0.0002, 0.0005]","[0.0027, 0.0036]","[0.0000, 0.0000]","[0.0003, 0.0007]","[0.0000, 0.0000]",,"[0.9998, 1.0000]","[0.8974, 0.9023]","[0.0883, 0.0930]","[0.0077, 0.0092]","[0.0000, 0.0002]","[0.0006, 0.0011]","[0.0000, 0.0000]",,"[0.9999, 1.0000]","[0.9132, 0.9177]","[0.0759, 0.0802]","[0.0054, 0.0066]","[-0.0000, 0.0001]","[0.0003, 0.0006]","[0.0000, 0.0000]",,"[0.9999, 1.0000]","[0.9346, 0.9386]","[0.0581, 0.0620]","[0.0027, 0.0036]","[-0.0000, 0.0001]","[0.0001, 0.0003]","[0.0000, 0.0000]",,"[0.9999, 1.0000]","[0.9428, 0.9465]","[0.0504, 0.0540]","[0.0025, 0.0034]","[-0.0000, 0.0001]","[0.0001, 0.0003]","[0.0000, 0.0000]",,"[1.0000, 1.0000]","[0.9524, 0.9559]","[0.0420, 0.0453]","[0.0018, 0.0025]","[0.0000, 0.0000]",,"[1.0000, 1.0000]","[0.9631, 0.9661]","[0.0326, 0.0356]","[0.0010, 0.0016]","[0.0000, 0.0000]",,"[1.0000, 1.0000]","[0.9654, 0.9683]","[0.0307, 0.0336]","[0.0007, 0.0012]","[0.0000, 0.0000]",,"[1.0000, 1.0000]","[0.9707, 0.9734]","[0.0256, 0.0283]","[0.0007, 0.0012]","[0.0000, 0.0000]",,"[1.0000, 1.0000]","[0.9921, 0.9935]","[0.0065, 0.0078]",,"[1.0000, 1.0000]","[0.9962, 0.9972]","[0.0028, 0.0037]"
,,,,,,,,,,,,,,,,,,,,,,,,,,,,,,,,,,,,,,,,,,,,,,,,,,,,,,,,,,,,,,,,,,,,,,,,,,,,,,,,,,,,,,,,,,,,,,,,,,,,,,,,,,,,,,,,,,,,,,,,,,,,,,,,,,,,,,,,
"(50, 1/3)",100000,84597,0,0.84601,,86598,28655,29219,14404,4842,7150,177,3528,0,1817,0,913,0,469,0,241,0,89,0,52,0,35,0,12,0,7,0,,97975,55881,28029,9460,1202,3075,2,1043,0,329,0,103,0,33,0,12,0,,99784,75715,19196,3880,167,814,0,133,0,40,0,,99950,83687,13966,1984,42,270,0,33,0,,99986,90143,8948,806,13,81,0,,99997,91917,7426,607,2,42,0,,99998,93701,5914,366,2,15,0,,99999,94323,5387,277,1,11,0,,100000,95494,4310,193,0,,100000,96390,3493,116,0,,100000,96638,3244,113,0,,99999,97188,2730,77,1,,100000,99251,740,,100000,99625,374
,"[1.0000, 1.0000]","[0.8430, 0.8489]","[0.0000, 0.0000]",,,"[0.8632, 0.8688]","[0.2829, 0.2902]","[0.2885, 0.2959]","[0.1412, 0.1469]","[0.0467, 0.0502]","[0.0694, 0.0736]","[0.0014, 0.0021]","[0.0338, 0.0368]","[0.0000, 0.0000]","[0.0171, 0.0193]","[0.0000, 0.0000]","[0.0084, 0.0099]","[0.0000, 0.0000]","[0.0041, 0.0052]","[0.0000, 0.0000]","[0.0020, 0.0028]","[0.0000, 0.0000]","[0.0006, 0.0011]","[0.0000, 0.0000]","[0.0003, 0.0007]","[0.0000, 0.0000]","[0.0002, 0.0005]","[0.0000, 0.0000]","[0.0000, 0.0002]","[0.0000, 0.0000]","[0.0000, 0.0001]","[0.0000, 0.0000]",,"[0.9786, 0.9809]","[0.5548, 0.5629]","[0.2766, 0.2839]","[0.0922, 0.0970]","[0.0111, 0.0129]","[0.0293, 0.0322]","[-0.0000, 0.0001]","[0.0096, 0.0113]","[0.0000, 0.0000]","[0.0028, 0.0038]","[0.0000, 0.0000]","[0.0008, 0.0013]","[0.0000, 0.0000]","[0.0002, 0.0005]","[0.0000, 0.0000]","[0.0000, 0.0002]","[0.0000, 0.0000]",,"[0.9975, 0.9982]","[0.7537, 0.7606]","[0.1888, 0.1952]","[0.0372, 0.0404]","[0.0013, 0.0020]","[0.0074, 0.0089]","[0.0000, 0.0000]","[0.0010, 0.0016]","[0.0000, 0.0000]","[0.0002, 0.0006]","[0.0000, 0.0000]",,"[0.9993, 0.9997]","[0.8339, 0.8399]","[0.1368, 0.1425]","[0.0187, 0.0210]","[0.0003, 0.0006]","[0.0023, 0.0031]","[0.0000, 0.0000]","[0.0002, 0.0005]","[0.0000, 0.0000]",,"[0.9998, 1.0000]","[0.8990, 0.9039]","[0.0872, 0.0918]","[0.0073, 0.0088]","[0.0000, 0.0002]","[0.0006, 0.0010]","[0.0000, 0.0000]",,"[0.9999, 1.0000]","[0.9169, 0.9214]","[0.0721, 0.0764]","[0.0054, 0.0067]","[-0.0000, 0.0001]","[0.0003, 0.0006]","[0.0000, 0.0000]",,"[0.9999, 1.0000]","[0.9350, 0.9390]","[0.0572, 0.0611]","[0.0032, 0.0042]","[-0.0000, 0.0001]","[0.0001, 0.0002]","[0.0000, 0.0000]",,"[1.0000, 1.0000]","[0.9413, 0.9451]","[0.0520, 0.0557]","[0.0023, 0.0032]","[-0.0000, 0.0000]","[0.0000, 0.0002]","[0.0000, 0.0000]",,"[1.0000, 1.0000]","[0.9533, 0.9566]","[0.0414, 0.0448]","[0.0016, 0.0023]","[0.0000, 0.0000]",,"[1.0000, 1.0000]","[0.9624, 0.9654]","[0.0334, 0.0364]","[0.0009, 0.0014]","[0.0000, 0.0000]",,"[1.0000, 1.0000]","[0.9649, 0.9678]","[0.0310, 0.0339]","[0.0009, 0.0014]","[0.0000, 0.0000]",,"[1.0000, 1.0000]","[0.9705, 0.9732]","[0.0260, 0.0286]","[0.0005, 0.0010]","[-0.0000, 0.0000]",,"[1.0000, 1.0000]","[0.9918, 0.9932]","[0.0067, 0.0081]",,"[1.0000, 1.0000]","[0.9958, 0.9967]","[0.0032, 0.0042]"
,,,,,,,,,,,,,,,,,,,,,,,,,,,,,,,,,,,,,,,,,,,,,,,,,,,,,,,,,,,,,,,,,,,,,,,,,,,,,,,,,,,,,,,,,,,,,,,,,,,,,,,,,,,,,,,,,,,,,,,,,,,,,,,,,,,,,,,,
"(100, 1/3)",100000,84727,0,0.84727,,86676,29047,28909,14447,4853,7066,185,3572,3,1831,0,905,0,439,0,240,0,110,0,56,0,27,0,14,0,8,0,,98003,56059,27863,9328,1204,3148,5,1082,0,354,0,111,0,36,0,17,0,,99801,75807,19348,3758,150,701,0,147,0,36,0,,99952,83420,14179,2030,39,278,0,38,0,,99994,90108,8978,836,6,67,0,,99997,91826,7595,530,2,39,0,,100000,93816,5776,378,0,29,0,,99999,94536,5152,304,1,7,0,,100000,95445,4364,181,0,,100000,96488,3397,112,0,,100000,96660,3226,111,0,,100000,97181,2743,74,0,,100000,99277,719,,100000,99663,337
,"[1.0000, 1.0000]","[0.8443, 0.8502]","[0.0000, 0.0000]",,,"[0.8640, 0.8695]","[0.2868, 0.2942]","[0.2854, 0.2928]","[0.1416, 0.1473]","[0.0468, 0.0503]","[0.0686, 0.0727]","[0.0015, 0.0022]","[0.0342, 0.0372]","[-0.0000, 0.0001]","[0.0172, 0.0194]","[0.0000, 0.0000]","[0.0083, 0.0098]","[0.0000, 0.0000]","[0.0039, 0.0049]","[0.0000, 0.0000]","[0.0020, 0.0028]","[0.0000, 0.0000]","[0.0008, 0.0014]","[0.0000, 0.0000]","[0.0004, 0.0008]","[0.0000, 0.0000]","[0.0001, 0.0004]","[0.0000, 0.0000]","[0.0000, 0.0002]","[0.0000, 0.0000]","[0.0000, 0.0002]","[0.0000, 0.0000]",,"[0.9789, 0.9812]","[0.5565, 0.5646]","[0.2750, 0.2823]","[0.0909, 0.0956]","[0.0112, 0.0129]","[0.0301, 0.0329]","[-0.0000, 0.0001]","[0.0100, 0.0117]","[0.0000, 0.0000]","[0.0031, 0.0040]","[0.0000, 0.0000]","[0.0008, 0.0014]","[0.0000, 0.0000]","[0.0002, 0.0005]","[0.0000, 0.0000]","[0.0001, 0.0003]","[0.0000, 0.0000]",,"[0.9976, 0.9984]","[0.7546, 0.7616]","[0.1903, 0.1967]","[0.0360, 0.0391]","[0.0012, 0.0018]","[0.0063, 0.0077]","[0.0000, 0.0000]","[0.0012, 0.0018]","[0.0000, 0.0000]","[0.0002, 0.0005]","[0.0000, 0.0000]",,"[0.9993, 0.9997]","[0.8312, 0.8372]","[0.1389, 0.1446]","[0.0192, 0.0214]","[0.0002, 0.0006]","[0.0024, 0.0032]","[0.0000, 0.0000]","[0.0002, 0.0005]","[0.0000, 0.0000]",,"[0.9999, 1.0000]","[0.8986, 0.9035]","[0.0875, 0.0921]","[0.0076, 0.0091]","[-0.0000, 0.0001]","[0.0005, 0.0009]","[0.0000, 0.0000]",,"[0.9999, 1.0000]","[0.9160, 0.9205]","[0.0738, 0.0781]","[0.0047, 0.0059]","[-0.0000, 0.0001]","[0.0002, 0.0006]","[0.0000, 0.0000]",,"[1.0000, 1.0000]","[0.9362, 0.9401]","[0.0559, 0.0597]","[0.0033, 0.0043]","[0.0000, 0.0000]","[0.0002, 0.0004]","[0.0000, 0.0000]",,"[1.0000, 1.0000]","[0.9435, 0.9472]","[0.0497, 0.0533]","[0.0026, 0.0035]","[-0.0000, 0.0000]","[0.0000, 0.0001]","[0.0000, 0.0000]",,"[1.0000, 1.0000]","[0.9528, 0.9561]","[0.0420, 0.0453]","[0.0015, 0.0022]","[0.0000, 0.0000]",,"[1.0000, 1.0000]","[0.9634, 0.9664]","[0.0325, 0.0354]","[0.0008, 0.0014]","[0.0000, 0.0000]",,"[1.0000, 1.0000]","[0.9651, 0.9681]","[0.0308, 0.0337]","[0.0008, 0.0014]","[0.0000, 0.0000]",,"[1.0000, 1.0000]","[0.9705, 0.9732]","[0.0261, 0.0288]","[0.0005, 0.0010]","[0.0000, 0.0000]",,"[1.0000, 1.0000]","[0.9921, 0.9935]","[0.0065, 0.0079]",,"[1.0000, 1.0000]","[0.9962, 0.9971]","[0.0029, 0.0038]"
,,,,,,,,,,,,,,,,,,,,,,,,,,,,,,,,,,,,,,,,,,,,,,,,,,,,,,,,,,,,,,,,,,,,,,,,,,,,,,,,,,,,,,,,,,,,,,,,,,,,,,,,,,,,,,,,,,,,,,,,,,,,,,,,,,,,,,,,
"(50, 1/2)",100000,84881,0,0.84892,,86769,29106,28715,14419,4704,7232,175,3633,0,1814,0,939,0,463,0,219,0,120,0,44,0,38,0,11,0,11,0,,98104,55947,28170,9364,1115,3082,6,1031,0,355,0,100,0,31,0,16,0,,99788,76295,18809,3759,157,720,0,172,0,24,0,,99954,83553,14039,2043,39,277,0,39,0,,99990,90185,8900,828,8,74,0,,99997,91633,7656,652,3,52,0,,99999,93841,5791,341,1,26,0,,100000,94501,5209,274,0,13,0,,100000,95527,4268,196,0,,100000,96485,3397,115,0,,100000,96626,3261,111,0,,100000,97269,2659,72,0,,100000,99286,710,,100000,99654,344
,"[1.0000, 1.0000]","[0.8459, 0.8517]","[0.0000, 0.0000]",,,"[0.8649, 0.8704]","[0.2874, 0.2948]","[0.2835, 0.2908]","[0.1413, 0.1471]","[0.0453, 0.0488]","[0.0702, 0.0744]","[0.0014, 0.0021]","[0.0348, 0.0379]","[0.0000, 0.0000]","[0.0171, 0.0192]","[0.0000, 0.0000]","[0.0086, 0.0102]","[0.0000, 0.0000]","[0.0041, 0.0052]","[0.0000, 0.0000]","[0.0018, 0.0026]","[0.0000, 0.0000]","[0.0009, 0.0015]","[0.0000, 0.0000]","[0.0003, 0.0006]","[0.0000, 0.0000]","[0.0002, 0.0005]","[0.0000, 0.0000]","[0.0000, 0.0002]","[0.0000, 0.0000]","[0.0000, 0.0002]","[0.0000, 0.0000]",,"[0.9799, 0.9822]","[0.5554, 0.5635]","[0.2780, 0.2854]","[0.0913, 0.0960]","[0.0103, 0.0120]","[0.0294, 0.0322]","[-0.0000, 0.0001]","[0.0095, 0.0111]","[0.0000, 0.0000]","[0.0031, 0.0040]","[0.0000, 0.0000]","[0.0007, 0.0013]","[0.0000, 0.0000]","[0.0002, 0.0005]","[0.0000, 0.0000]","[0.0001, 0.0003]","[0.0000, 0.0000]",,"[0.9975, 0.9983]","[0.7595, 0.7664]","[0.1849, 0.1913]","[0.0360, 0.0391]","[0.0012, 0.0019]","[0.0065, 0.0079]","[0.0000, 0.0000]","[0.0014, 0.0021]","[0.0000, 0.0000]","[0.0001, 0.0004]","[0.0000, 0.0000]",,"[0.9994, 0.9997]","[0.8325, 0.8385]","[0.1376, 0.1432]","[0.0193, 0.0216]","[0.0002, 0.0006]","[0.0023, 0.0032]","[0.0000, 0.0000]","[0.0002, 0.0006]","[0.0000, 0.0000]",,"[0.9998, 1.0000]","[0.8994, 0.9043]","[0.0867, 0.0913]","[0.0075, 0.0090]","[0.0000, 0.0002]","[0.0005, 0.0010]","[0.0000, 0.0000]",,"[0.9999, 1.0000]","[0.9141, 0.9186]","[0.0744, 0.0787]","[0.0059, 0.0072]","[-0.0000, 0.0001]","[0.0003, 0.0007]","[0.0000, 0.0000]",,"[1.0000, 1.0000]","[0.9365, 0.9404]","[0.0560, 0.0598]","[0.0029, 0.0039]","[-0.0000, 0.0000]","[0.0001, 0.0004]","[0.0000, 0.0000]",,"[1.0000, 1.0000]","[0.9432, 0.9469]","[0.0503, 0.0539]","[0.0023, 0.0032]","[0.0000, 0.0000]","[0.0000, 0.0002]","[0.0000, 0.0000]",,"[1.0000, 1.0000]","[0.9536, 0.9570]","[0.0410, 0.0443]","[0.0016, 0.0023]","[0.0000, 0.0000]",,"[1.0000, 1.0000]","[0.9633, 0.9664]","[0.0325, 0.0354]","[0.0009, 0.0014]","[0.0000, 0.0000]",,"[1.0000, 1.0000]","[0.9648, 0.9677]","[0.0312, 0.0341]","[0.0008, 0.0014]","[0.0000, 0.0000]",,"[1.0000, 1.0000]","[0.9714, 0.9740]","[0.0253, 0.0279]","[0.0005, 0.0009]","[0.0000, 0.0000]",,"[1.0000, 1.0000]","[0.9922, 0.9935]","[0.0064, 0.0078]",,"[1.0000, 1.0000]","[0.9961, 0.9970]","[0.0030, 0.0039]"
,,,,,,,,,,,,,,,,,,,,,,,,,,,,,,,,,,,,,,,,,,,,,,,,,,,,,,,,,,,,,,,,,,,,,,,,,,,,,,,,,,,,,,,,,,,,,,,,,,,,,,,,,,,,,,,,,,,,,,,,,,,,,,,,,,,,,,,,
"(100, 1/2)",100000,85098,0,0.85066,,86928,28992,29137,14427,4718,7114,157,3588,0,1857,0,897,0,485,0,198,0,116,0,60,0,34,0,14,0,3,0,,98086,56285,27887,9228,1153,3167,2,1056,0,305,0,99,0,40,0,16,0,,99819,76293,18674,3922,140,761,0,138,0,25,0,,99961,83638,14005,1989,34,283,0,38,0,,99994,90007,9062,846,6,70,0,,99995,91711,7626,607,4,48,0,,99999,93654,5991,332,1,20,0,,100000,94396,5330,262,0,11,0,,100000,95482,4363,147,0,,100000,96439,3437,115,0,,100000,96694,3225,80,0,,100000,97197,2718,82,0,,100000,99277,718,,100000,99623,374
,"[1.0000, 1.0000]","[0.8481, 0.8539]","[0.0000, 0.0000]",,,"[0.8665, 0.8720]","[0.2862, 0.2936]","[0.2877, 0.2951]","[0.1414, 0.1471]","[0.0455, 0.0489]","[0.0690, 0.0732]","[0.0012, 0.0019]","[0.0344, 0.0374]","[0.0000, 0.0000]","[0.0175, 0.0197]","[0.0000, 0.0000]","[0.0082, 0.0097]","[0.0000, 0.0000]","[0.0043, 0.0054]","[0.0000, 0.0000]","[0.0016, 0.0023]","[0.0000, 0.0000]","[0.0009, 0.0014]","[0.0000, 0.0000]","[0.0004, 0.0008]","[0.0000, 0.0000]","[0.0002, 0.0005]","[0.0000, 0.0000]","[0.0000, 0.0002]","[0.0000, 0.0000]","[-0.0000, 0.0001]","[0.0000, 0.0000]",,"[0.9797, 0.9820]","[0.5588, 0.5669]","[0.2752, 0.2825]","[0.0899, 0.0946]","[0.0107, 0.0124]","[0.0302, 0.0331]","[-0.0000, 0.0001]","[0.0097, 0.0114]","[0.0000, 0.0000]","[0.0026, 0.0035]","[0.0000, 0.0000]","[0.0007, 0.0012]","[0.0000, 0.0000]","[0.0002, 0.0006]","[0.0000, 0.0000]","[0.0001, 0.0003]","[0.0000, 0.0000]",,"[0.9978, 0.9985]","[0.7595, 0.7664]","[0.1836, 0.1899]","[0.0376, 0.0408]","[0.0011, 0.0017]","[0.0069, 0.0083]","[0.0000, 0.0000]","[0.0011, 0.0017]","[0.0000, 0.0000]","[0.0001, 0.0004]","[0.0000, 0.0000]",,"[0.9994, 0.9998]","[0.8334, 0.8394]","[0.1372, 0.1429]","[0.0188, 0.0210]","[0.0002, 0.0005]","[0.0024, 0.0033]","[0.0000, 0.0000]","[0.0002, 0.0005]","[0.0000, 0.0000]",,"[0.9999, 1.0000]","[0.8976, 0.9025]","[0.0883, 0.0930]","[0.0077, 0.0092]","[-0.0000, 0.0001]","[0.0005, 0.0009]","[0.0000, 0.0000]",,"[0.9999, 1.0000]","[0.9149, 0.9194]","[0.0741, 0.0784]","[0.0054, 0.0067]","[-0.0000, 0.0001]","[0.0003, 0.0007]","[0.0000, 0.0000]",,"[1.0000, 1.0000]","[0.9346, 0.9385]","[0.0580, 0.0618]","[0.0029, 0.0038]","[-0.0000, 0.0000]","[0.0001, 0.0003]","[0.0000, 0.0000]",,"[1.0000, 1.0000]","[0.9421, 0.9458]","[0.0515, 0.0551]","[0.0022, 0.0030]","[0.0000, 0.0000]","[0.0000, 0.0002]","[0.0000, 0.0000]",,"[1.0000, 1.0000]","[0.9531, 0.9565]","[0.0420, 0.0453]","[0.0012, 0.0018]","[0.0000, 0.0000]",,"[1.0000, 1.0000]","[0.9629, 0.9659]","[0.0329, 0.0359]","[0.0009, 0.0014]","[0.0000, 0.0000]",,"[1.0000, 1.0000]","[0.9655, 0.9684]","[0.0308, 0.0337]","[0.0006, 0.0010]","[0.0000, 0.0000]",,"[1.0000, 1.0000]","[0.9706, 0.9733]","[0.0259, 0.0285]","[0.0006, 0.0011]","[0.0000, 0.0000]",,"[1.0000, 1.0000]","[0.9921, 0.9935]","[0.0065, 0.0079]",,"[1.0000, 1.0000]","[0.9957, 0.9967]","[0.0032, 0.0042]"
,,,,,,,,,,,,,,,,,,,,,,,,,,,,,,,,,,,,,,,,,,,,,,,,,,,,,,,,,,,,,,,,,,,,,,,,,,,,,,,,,,,,,,,,,,,,,,,,,,,,,,,,,,,,,,,,,,,,,,,,,,,,,,,,,,,,,,,,
"(50, (log50)/100)",2,91511,66619,0.91515,,92200,47625,29395,9623,3923,3543,134,1329,1,464,0,160,0,45,0,11,0,5,0,0,0,0,0,0,0,0,0,,99301,76105,18548,3755,527,743,4,134,0,15,0,1,0,0,0,0,0,,99959,90559,8556,792,36,50,0,2,0,0,0,,99997,94613,5108,272,3,4,0,0,0,,100000,97240,2715,45,0,0,0,,100000,97962,2025,13,0,0,0,,100000,98668,1325,7,0,0,0,,100000,98818,1176,6,0,0,0,,100000,99195,802,3,0,,100000,99427,573,0,0,,100000,99506,494,0,0,,100000,99646,354,0,0,,100000,99969,31,,100000,99991,9
,"[-0.0000, 0.0001]","[0.9128, 0.9174]","[0.6623, 0.6700]",,,"[0.9198, 0.9242]","[0.4722, 0.4803]","[0.2902, 0.2977]","[0.0938, 0.0986]","[0.0376, 0.0408]","[0.0339, 0.0369]","[0.0010, 0.0016]","[0.0124, 0.0142]","[-0.0000, 0.0000]","[0.0041, 0.0052]","[0.0000, 0.0000]","[0.0013, 0.0019]","[0.0000, 0.0000]","[0.0003, 0.0006]","[0.0000, 0.0000]","[0.0000, 0.0002]","[0.0000, 0.0000]","[-0.0000, 0.0001]","[0.0000, 0.0000]","[0.0000, 0.0000]","[0.0000, 0.0000]","[0.0000, 0.0000]","[0.0000, 0.0000]","[0.0000, 0.0000]","[0.0000, 0.0000]","[0.0000, 0.0000]","[0.0000, 0.0000]",,"[0.9923, 0.9937]","[0.7576, 0.7645]","[0.1823, 0.1886]","[0.0360, 0.0391]","[0.0047, 0.0059]","[0.0067, 0.0081]","[-0.0000, 0.0001]","[0.0010, 0.0016]","[0.0000, 0.0000]","[0.0001, 0.0002]","[0.0000, 0.0000]","[-0.0000, 0.0000]","[0.0000, 0.0000]","[0.0000, 0.0000]","[0.0000, 0.0000]","[0.0000, 0.0000]","[0.0000, 0.0000]",,"[0.9994, 0.9998]","[0.9032, 0.9080]","[0.0833, 0.0878]","[0.0072, 0.0086]","[0.0002, 0.0005]","[0.0003, 0.0007]","[0.0000, 0.0000]","[-0.0000, 0.0001]","[0.0000, 0.0000]","[0.0000, 0.0000]","[0.0000, 0.0000]",,"[0.9999, 1.0000]","[0.9443, 0.9480]","[0.0493, 0.0529]","[0.0023, 0.0031]","[-0.0000, 0.0001]","[-0.0000, 0.0001]","[0.0000, 0.0000]","[0.0000, 0.0000]","[0.0000, 0.0000]",,"[1.0000, 1.0000]","[0.9711, 0.9737]","[0.0258, 0.0285]","[0.0003, 0.0006]","[0.0000, 0.0000]","[0.0000, 0.0000]","[0.0000, 0.0000]",,"[1.0000, 1.0000]","[0.9785, 0.9808]","[0.0191, 0.0214]","[0.0000, 0.0002]","[0.0000, 0.0000]","[0.0000, 0.0000]","[0.0000, 0.0000]",,"[1.0000, 1.0000]","[0.9857, 0.9876]","[0.0123, 0.0142]","[0.0000, 0.0001]","[0.0000, 0.0000]","[0.0000, 0.0000]","[0.0000, 0.0000]",,"[1.0000, 1.0000]","[0.9873, 0.9891]","[0.0109, 0.0126]","[-0.0000, 0.0001]","[0.0000, 0.0000]","[0.0000, 0.0000]","[0.0000, 0.0000]",,"[1.0000, 1.0000]","[0.9912, 0.9927]","[0.0073, 0.0087]","[-0.0000, 0.0001]","[0.0000, 0.0000]",,"[1.0000, 1.0000]","[0.9937, 0.9949]","[0.0051, 0.0063]","[0.0000, 0.0000]","[0.0000, 0.0000]",,"[1.0000, 1.0000]","[0.9945, 0.9956]","[0.0044, 0.0055]","[0.0000, 0.0000]","[0.0000, 0.0000]",,"[1.0000, 1.0000]","[0.9960, 0.9969]","[0.0031, 0.0040]","[0.0000, 0.0000]","[0.0000, 0.0000]",,"[1.0000, 1.0000]","[0.9995, 0.9998]","[0.0002, 0.0005]",,"[1.0000, 1.0000]","[0.9998, 1.0000]","[0.0000, 0.0002]"
,,,,,,,,,,,,,,,,,,,,,,,,,,,,,,,,,,,,,,,,,,,,,,,,,,,,,,,,,,,,,,,,,,,,,,,,,,,,,,,,,,,,,,,,,,,,,,,,,,,,,,,,,,,,,,,,,,,,,,,,,,,,,,,,,,,,,,,,
"(100, log(100)/200)",0,87968,51702,0.87938,,89172,39760,29146,11115,4425,4888,213,2211,1,1086,0,515,0,228,0,133,0,52,0,25,0,5,0,5,0,3,0,,98776,68593,21608,5978,750,1836,7,525,0,176,0,47,0,10,0,3,0,,99866,84723,12544,2137,108,377,0,76,0,8,0,,99978,89956,8747,1113,16,140,0,22,0,,99998,94207,5351,408,2,32,0,,100000,95121,4560,301,0,16,0,,99999,96513,3301,177,1,7,0,,99997,96850,2983,155,3,8,0,,100000,97466,2442,88,0,,100000,98082,1876,41,0,,100000,98175,1766,58,0,,100000,98467,1498,34,0,,100000,99634,363,,100000,99831,169
,"[0.0000, 0.0000]","[0.8770, 0.8823]","[0.5129, 0.5211]",,,"[0.8892, 0.8943]","[0.3936, 0.4016]","[0.2878, 0.2952]","[0.1086, 0.1137]","[0.0426, 0.0459]","[0.0471, 0.0506]","[0.0018, 0.0025]","[0.0209, 0.0233]","[-0.0000, 0.0000]","[0.0100, 0.0117]","[0.0000, 0.0000]","[0.0046, 0.0057]","[0.0000, 0.0000]","[0.0019, 0.0027]","[0.0000, 0.0000]","[0.0010, 0.0016]","[0.0000, 0.0000]","[0.0003, 0.0007]","[0.0000, 0.0000]","[0.0001, 0.0004]","[0.0000, 0.0000]","[-0.0000, 0.0001]","[0.0000, 0.0000]","[-0.0000, 0.0001]","[0.0000, 0.0000]","[-0.0000, 0.0001]","[0.0000, 0.0000]",,"[0.9869, 0.9887]","[0.6821, 0.6897]","[0.2127, 0.2194]","[0.0578, 0.0617]","[0.0068, 0.0082]","[0.0173, 0.0195]","[0.0000, 0.0001]","[0.0047, 0.0058]","[0.0000, 0.0000]","[0.0014, 0.0021]","[0.0000, 0.0000]","[0.0003, 0.0006]","[0.0000, 0.0000]","[0.0000, 0.0002]","[0.0000, 0.0000]","[-0.0000, 0.0001]","[0.0000, 0.0000]",,"[0.9984, 0.9990]","[0.8443, 0.8502]","[0.1227, 0.1281]","[0.0202, 0.0225]","[0.0008, 0.0013]","[0.0033, 0.0043]","[0.0000, 0.0000]","[0.0005, 0.0010]","[0.0000, 0.0000]","[0.0000, 0.0002]","[0.0000, 0.0000]",,"[0.9997, 0.9999]","[0.8971, 0.9020]","[0.0852, 0.0898]","[0.0103, 0.0120]","[0.0001, 0.0003]","[0.0011, 0.0017]","[0.0000, 0.0000]","[0.0001, 0.0003]","[0.0000, 0.0000]",,"[0.9999, 1.0000]","[0.9402, 0.9440]","[0.0517, 0.0553]","[0.0036, 0.0046]","[-0.0000, 0.0001]","[0.0002, 0.0005]","[0.0000, 0.0000]",,"[1.0000, 1.0000]","[0.9495, 0.9530]","[0.0439, 0.0473]","[0.0026, 0.0035]","[0.0000, 0.0000]","[0.0001, 0.0003]","[0.0000, 0.0000]",,"[1.0000, 1.0000]","[0.9636, 0.9666]","[0.0316, 0.0345]","[0.0014, 0.0021]","[-0.0000, 0.0000]","[0.0000, 0.0001]","[0.0000, 0.0000]",,"[0.9999, 1.0000]","[0.9671, 0.9699]","[0.0284, 0.0312]","[0.0012, 0.0019]","[-0.0000, 0.0001]","[0.0000, 0.0002]","[0.0000, 0.0000]",,"[1.0000, 1.0000]","[0.9734, 0.9759]","[0.0232, 0.0257]","[0.0006, 0.0011]","[0.0000, 0.0000]",,"[1.0000, 1.0000]","[0.9797, 0.9819]","[0.0177, 0.0199]","[0.0002, 0.0006]","[0.0000, 0.0000]",,"[1.0000, 1.0000]","[0.9807, 0.9828]","[0.0166, 0.0187]","[0.0004, 0.0008]","[0.0000, 0.0000]",,"[1.0000, 1.0000]","[0.9837, 0.9857]","[0.0140, 0.0160]","[0.0002, 0.0005]","[0.0000, 0.0000]",,"[1.0000, 1.0000]","[0.9958, 0.9968]","[0.0031, 0.0041]",,"[1.0000, 1.0000]","[0.9980, 0.9986]","[0.0014, 0.0020]"
,,,,,,,,,,,,,,,,,,,,,,,,,,,,,,,,,,,,,,,,,,,,,,,,,,,,,,,,,,,,,,,,,,,,,,,,,,,,,,,,,,,,,,,,,,,,,,,,,,,,,,,,,,,,,,,,,,,,,,,,,,,,,,,,,,,,,,,,
"(50,(log50)/50)",16692,85856,15379,0.85866,,87539,32591,29029,13267,4621,6379,174,3126,1,1609,0,779,0,376,0,195,0,97,0,43,0,23,0,10,0,10,0,,98305,60146,26013,8202,1037,2650,5,883,0,293,0,78,0,22,0,13,0,,99827,78666,17100,3238,142,666,0,124,0,28,0,,99965,85638,12361,1679,29,246,0,35,0,,99993,91421,7790,716,7,61,0,,99999,92688,6747,528,1,33,0,,99997,94665,5027,287,3,17,0,,100000,95179,4549,256,0,16,0,,99999,96198,3627,167,1,,100000,96906,2987,103,0,,100000,97256,2666,77,0,,100000,97579,2358,63,0,,100000,99388,606,,100000,99685,315
,"[0.1639, 0.1700]","[0.8557, 0.8614]","[0.1509, 0.1567]",,,"[0.8727, 0.8781]","[0.3221, 0.3297]","[0.2866, 0.2940]","[0.1299, 0.1354]","[0.0445, 0.0479]","[0.0618, 0.0658]","[0.0014, 0.0021]","[0.0298, 0.0327]","[-0.0000, 0.0000]","[0.0151, 0.0171]","[0.0000, 0.0000]","[0.0071, 0.0085]","[0.0000, 0.0000]","[0.0033, 0.0043]","[0.0000, 0.0000]","[0.0016, 0.0023]","[0.0000, 0.0000]","[0.0007, 0.0012]","[0.0000, 0.0000]","[0.0003, 0.0006]","[0.0000, 0.0000]","[0.0001, 0.0004]","[0.0000, 0.0000]","[0.0000, 0.0002]","[0.0000, 0.0000]","[0.0000, 0.0002]","[0.0000, 0.0000]",,"[0.9820, 0.9841]","[0.5975, 0.6054]","[0.2566, 0.2637]","[0.0798, 0.0843]","[0.0095, 0.0112]","[0.0252, 0.0278]","[-0.0000, 0.0001]","[0.0081, 0.0096]","[0.0000, 0.0000]","[0.0025, 0.0034]","[0.0000, 0.0000]","[0.0006, 0.0010]","[0.0000, 0.0000]","[0.0001, 0.0003]","[0.0000, 0.0000]","[0.0000, 0.0002]","[0.0000, 0.0000]",,"[0.9979, 0.9986]","[0.7833, 0.7900]","[0.1679, 0.1741]","[0.0309, 0.0338]","[0.0011, 0.0017]","[0.0060, 0.0073]","[0.0000, 0.0000]","[0.0010, 0.0015]","[0.0000, 0.0000]","[0.0001, 0.0004]","[0.0000, 0.0000]",,"[0.9995, 0.9998]","[0.8535, 0.8592]","[0.1209, 0.1263]","[0.0157, 0.0178]","[0.0002, 0.0004]","[0.0021, 0.0029]","[0.0000, 0.0000]","[0.0002, 0.0005]","[0.0000, 0.0000]",,"[0.9999, 1.0000]","[0.9119, 0.9165]","[0.0757, 0.0801]","[0.0065, 0.0078]","[0.0000, 0.0001]","[0.0004, 0.0008]","[0.0000, 0.0000]",,"[1.0000, 1.0000]","[0.9248, 0.9290]","[0.0654, 0.0695]","[0.0047, 0.0059]","[-0.0000, 0.0000]","[0.0002, 0.0005]","[0.0000, 0.0000]",,"[0.9999, 1.0000]","[0.9448, 0.9485]","[0.0485, 0.0520]","[0.0024, 0.0033]","[-0.0000, 0.0001]","[0.0001, 0.0003]","[0.0000, 0.0000]",,"[1.0000, 1.0000]","[0.9500, 0.9535]","[0.0438, 0.0472]","[0.0021, 0.0030]","[0.0000, 0.0000]","[0.0001, 0.0003]","[0.0000, 0.0000]",,"[1.0000, 1.0000]","[0.9604, 0.9635]","[0.0347, 0.0378]","[0.0013, 0.0020]","[-0.0000, 0.0000]",,"[1.0000, 1.0000]","[0.9676, 0.9705]","[0.0285, 0.0313]","[0.0008, 0.0013]","[0.0000, 0.0000]",,"[1.0000, 1.0000]","[0.9712, 0.9739]","[0.0253, 0.0280]","[0.0005, 0.0010]","[0.0000, 0.0000]",,"[1.0000, 1.0000]","[0.9745, 0.9770]","[0.0223, 0.0248]","[0.0004, 0.0008]","[0.0000, 0.0000]",,"[1.0000, 1.0000]","[0.9932, 0.9945]","[0.0054, 0.0067]",,"[1.0000, 1.0000]","[0.9964, 0.9973]","[0.0027, 0.0036]"
,,,,,,,,,,,,,,,,,,,,,,,,,,,,,,,,,,,,,,,,,,,,,,,,,,,,,,,,,,,,,,,,,,,,,,,,,,,,,,,,,,,,,,,,,,,,,,,,,,,,,,,,,,,,,,,,,,,,,,,,,,,,,,,,,,,,,,,,
"(100,(log100)/100)",15623,85713,8829,0.85660,,87481,31184,29117,13715,4646,6836,134,3372,1,1667,0,772,0,396,0,208,0,108,0,63,0,23,0,8,0,7,0,,98183,58615,26729,8608,1052,2796,4,957,0,314,0,116,0,29,0,9,0,,99801,77809,17640,3486,151,677,0,142,0,41,0,,99941,84893,12930,1829,48,238,0,43,0,,99994,90764,8419,739,6,65,0,,99997,92364,7028,556,3,47,0,,99999,94322,5327,325,1,25,0,,99998,94823,4927,235,2,12,0,,100000,95850,3962,180,0,,100000,96760,3133,105,0,,100000,97005,2895,97,0,,100000,97511,2425,63,0,,100000,99311,685,,100000,99661,339
,"[0.1533, 0.1592]","[0.8543, 0.8600]","[0.0860, 0.0906]",,,"[0.8721, 0.8775]","[0.3081, 0.3156]","[0.2875, 0.2949]","[0.1343, 0.1400]","[0.0447, 0.0482]","[0.0663, 0.0704]","[0.0010, 0.0016]","[0.0322, 0.0352]","[-0.0000, 0.0000]","[0.0156, 0.0177]","[0.0000, 0.0000]","[0.0070, 0.0084]","[0.0000, 0.0000]","[0.0034, 0.0045]","[0.0000, 0.0000]","[0.0017, 0.0025]","[0.0000, 0.0000]","[0.0008, 0.0013]","[0.0000, 0.0000]","[0.0004, 0.0008]","[0.0000, 0.0000]","[0.0001, 0.0004]","[0.0000, 0.0000]","[0.0000, 0.0002]","[0.0000, 0.0000]","[0.0000, 0.0001]","[0.0000, 0.0000]",,"[0.9807, 0.9829]","[0.5821, 0.5902]","[0.2637, 0.2709]","[0.0838, 0.0884]","[0.0097, 0.0114]","[0.0266, 0.0293]","[-0.0000, 0.0001]","[0.0088, 0.0104]","[0.0000, 0.0000]","[0.0027, 0.0036]","[0.0000, 0.0000]","[0.0009, 0.0014]","[0.0000, 0.0000]","[0.0002, 0.0004]","[0.0000, 0.0000]","[0.0000, 0.0002]","[0.0000, 0.0000]",,"[0.9976, 0.9984]","[0.7747, 0.7815]","[0.1733, 0.1795]","[0.0334, 0.0364]","[0.0012, 0.0018]","[0.0061, 0.0074]","[0.0000, 0.0000]","[0.0011, 0.0017]","[0.0000, 0.0000]","[0.0002, 0.0006]","[0.0000, 0.0000]",,"[0.9992, 0.9996]","[0.8460, 0.8518]","[0.1266, 0.1320]","[0.0172, 0.0194]","[0.0003, 0.0007]","[0.0020, 0.0028]","[0.0000, 0.0000]","[0.0003, 0.0006]","[0.0000, 0.0000]",,"[0.9999, 1.0000]","[0.9053, 0.9100]","[0.0819, 0.0865]","[0.0067, 0.0081]","[-0.0000, 0.0001]","[0.0004, 0.0009]","[0.0000, 0.0000]",,"[0.9999, 1.0000]","[0.9215, 0.9258]","[0.0682, 0.0724]","[0.0050, 0.0062]","[-0.0000, 0.0001]","[0.0003, 0.0006]","[0.0000, 0.0000]",,"[1.0000, 1.0000]","[0.9413, 0.9451]","[0.0514, 0.0551]","[0.0028, 0.0037]","[-0.0000, 0.0000]","[0.0001, 0.0004]","[0.0000, 0.0000]",,"[0.9999, 1.0000]","[0.9464, 0.9500]","[0.0475, 0.0510]","[0.0020, 0.0027]","[-0.0000, 0.0001]","[0.0000, 0.0002]","[0.0000, 0.0000]",,"[1.0000, 1.0000]","[0.9569, 0.9601]","[0.0380, 0.0412]","[0.0015, 0.0021]","[0.0000, 0.0000]",,"[1.0000, 1.0000]","[0.9662, 0.9690]","[0.0299, 0.0327]","[0.0008, 0.0013]","[0.0000, 0.0000]",,"[1.0000, 1.0000]","[0.9687, 0.9714]","[0.0276, 0.0303]","[0.0007, 0.0012]","[0.0000, 0.0000]",,"[1.0000, 1.0000]","[0.9738, 0.9764]","[0.0230, 0.0255]","[0.0004, 0.0008]","[0.0000, 0.0000]",,"[1.0000, 1.0000]","[0.9924, 0.9938]","[0.0062, 0.0075]",,"[1.0000, 1.0000]","[0.9961, 0.9971]","[0.0029, 0.0039]"
,,,,,,,,,,,,,,,,,,,,,,,,,,,,,,,,,,,,,,,,,,,,,,,,,,,,,,,,,,,,,,,,,,,,,,,,,,,,,,,,,,,,,,,,,,,,,,,,,,,,,,,,,,,,,,,,,,,,,,,,,,,,,,,,,,,,,,,,
"(50,(2log50)/50)",97697,84811,384,0.84813,,86767,28965,28780,14479,4765,7277,202,3627,1,1835,0,930,0,458,0,217,0,98,0,57,0,29,0,9,0,3,0,,98010,55930,27953,9354,1202,3199,2,1073,0,346,0,105,0,34,0,13,0,,99806,76057,18977,3831,160,750,0,156,0,26,0,,99944,83674,13943,2019,45,269,0,34,0,,99990,90134,8961,815,10,69,0,,99997,91815,7567,565,3,46,0,,99998,93674,5953,353,2,17,0,,100000,94491,5199,294,0,16,0,,100000,95430,4382,179,0,,100000,96400,3449,144,0,,99998,96704,3186,104,2,,100000,97223,2701,73,0,,100000,99243,750,,100000,99661,338
,"[0.9757, 0.9782]","[0.8452, 0.8510]","[0.0033, 0.0043]",,,"[0.8649, 0.8704]","[0.2860, 0.2933]","[0.2841, 0.2915]","[0.1419, 0.1477]","[0.0459, 0.0494]","[0.0707, 0.0749]","[0.0017, 0.0024]","[0.0347, 0.0378]","[-0.0000, 0.0000]","[0.0173, 0.0194]","[0.0000, 0.0000]","[0.0085, 0.0101]","[0.0000, 0.0000]","[0.0040, 0.0051]","[0.0000, 0.0000]","[0.0018, 0.0025]","[0.0000, 0.0000]","[0.0007, 0.0012]","[0.0000, 0.0000]","[0.0004, 0.0008]","[0.0000, 0.0000]","[0.0002, 0.0004]","[0.0000, 0.0000]","[0.0000, 0.0002]","[0.0000, 0.0000]","[-0.0000, 0.0001]","[0.0000, 0.0000]",,"[0.9790, 0.9812]","[0.5553, 0.5633]","[0.2759, 0.2832]","[0.0912, 0.0959]","[0.0111, 0.0129]","[0.0306, 0.0334]","[-0.0000, 0.0001]","[0.0099, 0.0116]","[0.0000, 0.0000]","[0.0030, 0.0039]","[0.0000, 0.0000]","[0.0008, 0.0013]","[0.0000, 0.0000]","[0.0002, 0.0005]","[0.0000, 0.0000]","[0.0000, 0.0002]","[0.0000, 0.0000]",,"[0.9977, 0.9984]","[0.7571, 0.7640]","[0.1866, 0.1930]","[0.0367, 0.0399]","[0.0013, 0.0019]","[0.0068, 0.0082]","[0.0000, 0.0000]","[0.0012, 0.0019]","[0.0000, 0.0000]","[0.0001, 0.0004]","[0.0000, 0.0000]",,"[0.9992, 0.9996]","[0.8337, 0.8398]","[0.1366, 0.1423]","[0.0190, 0.0213]","[0.0003, 0.0006]","[0.0023, 0.0031]","[0.0000, 0.0000]","[0.0002, 0.0005]","[0.0000, 0.0000]",,"[0.9998, 1.0000]","[0.8989, 0.9038]","[0.0873, 0.0919]","[0.0074, 0.0089]","[0.0000, 0.0002]","[0.0005, 0.0009]","[0.0000, 0.0000]",,"[0.9999, 1.0000]","[0.9159, 0.9204]","[0.0735, 0.0778]","[0.0050, 0.0063]","[-0.0000, 0.0001]","[0.0003, 0.0006]","[0.0000, 0.0000]",,"[0.9999, 1.0000]","[0.9348, 0.9387]","[0.0576, 0.0615]","[0.0030, 0.0040]","[-0.0000, 0.0001]","[0.0001, 0.0003]","[0.0000, 0.0000]",,"[1.0000, 1.0000]","[0.9431, 0.9468]","[0.0502, 0.0538]","[0.0025, 0.0034]","[0.0000, 0.0000]","[0.0001, 0.0003]","[0.0000, 0.0000]",,"[1.0000, 1.0000]","[0.9526, 0.9560]","[0.0422, 0.0455]","[0.0014, 0.0021]","[0.0000, 0.0000]",,"[1.0000, 1.0000]","[0.9625, 0.9655]","[0.0330, 0.0360]","[0.0011, 0.0017]","[0.0000, 0.0000]",,"[0.9999, 1.0000]","[0.9656, 0.9685]","[0.0304, 0.0333]","[0.0008, 0.0013]","[-0.0000, 0.0001]",,"[1.0000, 1.0000]","[0.9709, 0.9736]","[0.0257, 0.0283]","[0.0005, 0.0009]","[0.0000, 0.0000]",,"[1.0000, 1.0000]","[0.9917, 0.9931]","[0.0068, 0.0082]",,"[1.0000, 1.0000]","[0.9961, 0.9971]","[0.0029, 0.0039]"
,,,,,,,,,,,,,,,,,,,,,,,,,,,,,,,,,,,,,,,,,,,,,,,,,,,,,,,,,,,,,,,,,,,,,,,,,,,,,,,,,,,,,,,,,,,,,,,,,,,,,,,,,,,,,,,,,,,,,,,,,,,,,,,,,,,,,,,,
"(100,(2log100)/100)",98606,84880,114,0.84885,,86786,28842,28965,14443,4868,7241,150,3648,1,1814,0,905,0,444,0,249,0,110,0,58,0,29,0,16,0,12,0,,98062,55892,28146,9325,1110,3070,6,1099,0,360,0,121,0,35,0,6,0,,99805,76176,18866,3780,138,787,0,155,0,30,0,,99952,83572,14033,2046,46,263,0,33,0,,99993,90079,9102,736,6,72,0,,99996,91602,7715,628,4,50,0,,99998,93851,5783,342,2,22,0,,99999,94482,5247,255,0,14,0,,100000,95274,4528,191,0,,100000,96393,3482,116,0,,100000,96673,3224,101,0,,100000,97194,2750,55,0,,100000,99280,716,,100000,99626,372
,"[0.9851, 0.9870]","[0.8459, 0.8517]","[0.0009, 0.0014]",,,"[0.8651, 0.8706]","[0.2847, 0.2921]","[0.2860, 0.2933]","[0.1416, 0.1473]","[0.0469, 0.0504]","[0.0703, 0.0745]","[0.0012, 0.0018]","[0.0350, 0.0380]","[-0.0000, 0.0000]","[0.0171, 0.0192]","[0.0000, 0.0000]","[0.0083, 0.0098]","[0.0000, 0.0000]","[0.0039, 0.0050]","[0.0000, 0.0000]","[0.0021, 0.0029]","[0.0000, 0.0000]","[0.0008, 0.0014]","[0.0000, 0.0000]","[0.0004, 0.0008]","[0.0000, 0.0000]","[0.0002, 0.0004]","[0.0000, 0.0000]","[0.0001, 0.0003]","[0.0000, 0.0000]","[0.0000, 0.0002]","[0.0000, 0.0000]",,"[0.9795, 0.9817]","[0.5549, 0.5630]","[0.2778, 0.2851]","[0.0909, 0.0956]","[0.0102, 0.0120]","[0.0293, 0.0321]","[-0.0000, 0.0001]","[0.0101, 0.0118]","[0.0000, 0.0000]","[0.0031, 0.0041]","[0.0000, 0.0000]","[0.0009, 0.0015]","[0.0000, 0.0000]","[0.0002, 0.0005]","[0.0000, 0.0000]","[-0.0000, 0.0001]","[0.0000, 0.0000]",,"[0.9977, 0.9984]","[0.7583, 0.7652]","[0.1855, 0.1918]","[0.0362, 0.0394]","[0.0011, 0.0017]","[0.0072, 0.0086]","[0.0000, 0.0000]","[0.0012, 0.0019]","[0.0000, 0.0000]","[0.0002, 0.0004]","[0.0000, 0.0000]",,"[0.9993, 0.9997]","[0.8327, 0.8387]","[0.1375, 0.1432]","[0.0193, 0.0216]","[0.0003, 0.0006]","[0.0022, 0.0030]","[0.0000, 0.0000]","[0.0002, 0.0005]","[0.0000, 0.0000]",,"[0.9999, 1.0000]","[0.8984, 0.9032]","[0.0887, 0.0934]","[0.0067, 0.0081]","[-0.0000, 0.0001]","[0.0005, 0.0009]","[0.0000, 0.0000]",,"[0.9999, 1.0000]","[0.9138, 0.9183]","[0.0750, 0.0793]","[0.0056, 0.0069]","[-0.0000, 0.0001]","[0.0003, 0.0007]","[0.0000, 0.0000]",,"[0.9999, 1.0000]","[0.9366, 0.9405]","[0.0559, 0.0597]","[0.0029, 0.0039]","[-0.0000, 0.0001]","[0.0001, 0.0003]","[0.0000, 0.0000]",,"[1.0000, 1.0000]","[0.9430, 0.9467]","[0.0507, 0.0543]","[0.0021, 0.0030]","[0.0000, 0.0000]","[0.0000, 0.0002]","[0.0000, 0.0000]",,"[1.0000, 1.0000]","[0.9510, 0.9545]","[0.0436, 0.0470]","[0.0016, 0.0023]","[0.0000, 0.0000]",,"[1.0000, 1.0000]","[0.9624, 0.9654]","[0.0333, 0.0363]","[0.0009, 0.0014]","[0.0000, 0.0000]",,"[1.0000, 1.0000]","[0.9653, 0.9682]","[0.0308, 0.0337]","[0.0008, 0.0013]","[0.0000, 0.0000]",,"[1.0000, 1.0000]","[0.9706, 0.9733]","[0.0262, 0.0288]","[0.0004, 0.0007]","[0.0000, 0.0000]",,"[1.0000, 1.0000]","[0.9921, 0.9935]","[0.0065, 0.0078]",,"[1.0000, 1.0000]","[0.9958, 0.9968]","[0.0032, 0.0042]"
,,,,,,,,,,,,,,,,,,,,,,,,,,,,,,,,,,,,,,,,,,,,,,,,,,,,,,,,,,,,,,,,,,,,,,,,,,,,,,,,,,,,,,,,,,,,,,,,,,,,,,,,,,,,,,,,,,,,,,,,,,,,,,,,,,,,,,,,
"(50,(3log50)/50)",99976,84522,6,0.84508,,86459,28948,28733,14391,4849,7259,164,3548,1,1852,0,879,0,423,0,212,0,110,0,45,0,24,0,21,0,7,0,,97995,56165,27852,9355,1188,3068,8,1032,0,359,0,110,0,36,0,12,0,,99804,75973,19122,3779,137,731,0,156,0,28,0,,99955,83555,14048,2040,41,277,0,31,0,,99993,90270,8856,779,7,83,0,,99996,91725,7613,602,4,50,0,,99996,93834,5795,348,3,16,0,,99999,94359,5365,263,1,11,0,,100000,95394,4432,165,0,,100000,96390,3472,131,0,,100000,96702,3193,101,0,,100000,97310,2604,86,0,,100000,99235,761,,100000,99637,361
,"[0.9996, 0.9999]","[0.8423, 0.8482]","[-0.0000, 0.0001]",,,"[0.8618, 0.8674]","[0.2858, 0.2932]","[0.2836, 0.2910]","[0.1411, 0.1468]","[0.0467, 0.0502]","[0.0705, 0.0747]","[0.0013, 0.0020]","[0.0340, 0.0370]","[-0.0000, 0.0000]","[0.0174, 0.0196]","[0.0000, 0.0000]","[0.0080, 0.0096]","[0.0000, 0.0000]","[0.0037, 0.0048]","[0.0000, 0.0000]","[0.0017, 0.0025]","[0.0000, 0.0000]","[0.0008, 0.0014]","[0.0000, 0.0000]","[0.0003, 0.0006]","[0.0000, 0.0000]","[0.0001, 0.0004]","[0.0000, 0.0000]","[0.0001, 0.0003]","[0.0000, 0.0000]","[0.0000, 0.0001]","[0.0000, 0.0000]",,"[0.9788, 0.9811]","[0.5576, 0.5657]","[0.2749, 0.2822]","[0.0912, 0.0959]","[0.0110, 0.0128]","[0.0293, 0.0321]","[0.0000, 0.0002]","[0.0095, 0.0111]","[0.0000, 0.0000]","[0.0031, 0.0041]","[0.0000, 0.0000]","[0.0008, 0.0014]","[0.0000, 0.0000]","[0.0002, 0.0005]","[0.0000, 0.0000]","[0.0000, 0.0002]","[0.0000, 0.0000]",,"[0.9977, 0.9984]","[0.7562, 0.7632]","[0.1880, 0.1944]","[0.0362, 0.0393]","[0.0011, 0.0017]","[0.0066, 0.0080]","[0.0000, 0.0000]","[0.0012, 0.0019]","[0.0000, 0.0000]","[0.0001, 0.0004]","[0.0000, 0.0000]",,"[0.9994, 0.9997]","[0.8325, 0.8386]","[0.1376, 0.1433]","[0.0192, 0.0216]","[0.0002, 0.0006]","[0.0023, 0.0032]","[0.0000, 0.0000]","[0.0002, 0.0005]","[0.0000, 0.0000]",,"[0.9999, 1.0000]","[0.9003, 0.9051]","[0.0862, 0.0909]","[0.0071, 0.0085]","[0.0000, 0.0001]","[0.0006, 0.0011]","[0.0000, 0.0000]",,"[0.9999, 1.0000]","[0.9150, 0.9195]","[0.0740, 0.0783]","[0.0054, 0.0067]","[-0.0000, 0.0001]","[0.0003, 0.0007]","[0.0000, 0.0000]",,"[0.9999, 1.0000]","[0.9364, 0.9403]","[0.0560, 0.0599]","[0.0030, 0.0040]","[-0.0000, 0.0001]","[0.0001, 0.0003]","[0.0000, 0.0000]",,"[1.0000, 1.0000]","[0.9417, 0.9455]","[0.0518, 0.0555]","[0.0022, 0.0030]","[-0.0000, 0.0000]","[0.0000, 0.0002]","[0.0000, 0.0000]",,"[1.0000, 1.0000]","[0.9522, 0.9556]","[0.0426, 0.0460]","[0.0013, 0.0020]","[0.0000, 0.0000]",,"[1.0000, 1.0000]","[0.9624, 0.9654]","[0.0332, 0.0362]","[0.0010, 0.0016]","[0.0000, 0.0000]",,"[1.0000, 1.0000]","[0.9656, 0.9685]","[0.0305, 0.0334]","[0.0008, 0.0013]","[0.0000, 0.0000]",,"[1.0000, 1.0000]","[0.9718, 0.9744]","[0.0247, 0.0273]","[0.0006, 0.0011]","[0.0000, 0.0000]",,"[1.0000, 1.0000]","[0.9916, 0.9931]","[0.0069, 0.0083]",,"[1.0000, 1.0000]","[0.9959, 0.9969]","[0.0031, 0.0041]"
,,,,,,,,,,,,,,,,,,,,,,,,,,,,,,,,,,,,,,,,,,,,,,,,,,,,,,,,,,,,,,,,,,,,,,,,,,,,,,,,,,,,,,,,,,,,,,,,,,,,,,,,,,,,,,,,,,,,,,,,,,,,,,,,,,,,,,,,
"(100,(3log100)/100)",99993,84617,3,0.84612,,86586,29018,28901,14283,4764,7197,162,3650,5,1758,0,923,0,425,0,226,0,100,0,50,0,29,0,16,0,4,0,,97990,56106,27981,9242,1201,3126,4,1027,0,362,0,90,0,38,0,13,0,,99781,75658,19302,3815,183,818,0,138,0,40,0,,99958,83745,13897,1976,32,299,0,38,0,,99992,90031,9053,839,7,64,0,,99997,91574,7792,594,3,33,0,,99999,93885,5748,345,1,20,0,,99998,94447,5242,287,2,21,0,,100000,95511,4297,182,0,,99999,96507,3380,109,1,,100000,96643,3260,96,0,,100000,97181,2738,79,0,,100000,99264,730,,100000,99600,400
,"[0.9999, 1.0000]","[0.8432, 0.8491]","[-0.0000, 0.0001]",,,"[0.8631, 0.8686]","[0.2865, 0.2939]","[0.2853, 0.2927]","[0.1400, 0.1457]","[0.0459, 0.0494]","[0.0699, 0.0741]","[0.0013, 0.0019]","[0.0350, 0.0380]","[-0.0000, 0.0001]","[0.0165, 0.0187]","[0.0000, 0.0000]","[0.0085, 0.0100]","[0.0000, 0.0000]","[0.0037, 0.0048]","[0.0000, 0.0000]","[0.0019, 0.0026]","[0.0000, 0.0000]","[0.0007, 0.0013]","[0.0000, 0.0000]","[0.0003, 0.0007]","[0.0000, 0.0000]","[0.0002, 0.0004]","[0.0000, 0.0000]","[0.0001, 0.0003]","[0.0000, 0.0000]","[-0.0000, 0.0001]","[0.0000, 0.0000]",,"[0.9788, 0.9810]","[0.5570, 0.5651]","[0.2762, 0.2835]","[0.0901, 0.0948]","[0.0111, 0.0129]","[0.0298, 0.0327]","[-0.0000, 0.0001]","[0.0094, 0.0111]","[0.0000, 0.0000]","[0.0031, 0.0041]","[0.0000, 0.0000]","[0.0007, 0.0011]","[0.0000, 0.0000]","[0.0002, 0.0005]","[0.0000, 0.0000]","[0.0000, 0.0002]","[0.0000, 0.0000]",,"[0.9974, 0.9982]","[0.7531, 0.7601]","[0.1898, 0.1962]","[0.0366, 0.0397]","[0.0015, 0.0022]","[0.0074, 0.0089]","[0.0000, 0.0000]","[0.0011, 0.0017]","[0.0000, 0.0000]","[0.0002, 0.0006]","[0.0000, 0.0000]",,"[0.9994, 0.9997]","[0.8344, 0.8405]","[0.1362, 0.1418]","[0.0186, 0.0209]","[0.0002, 0.0005]","[0.0025, 0.0034]","[0.0000, 0.0000]","[0.0002, 0.0005]","[0.0000, 0.0000]",,"[0.9998, 1.0000]","[0.8979, 0.9028]","[0.0882, 0.0929]","[0.0076, 0.0091]","[0.0000, 0.0001]","[0.0004, 0.0008]","[0.0000, 0.0000]",,"[0.9999, 1.0000]","[0.9135, 0.9180]","[0.0757, 0.0801]","[0.0053, 0.0066]","[-0.0000, 0.0001]","[0.0002, 0.0005]","[0.0000, 0.0000]",,"[1.0000, 1.0000]","[0.9369, 0.9408]","[0.0556, 0.0594]","[0.0030, 0.0039]","[-0.0000, 0.0000]","[0.0001, 0.0003]","[0.0000, 0.0000]",,"[0.9999, 1.0000]","[0.9426, 0.9463]","[0.0506, 0.0542]","[0.0024, 0.0033]","[-0.0000, 0.0001]","[0.0001, 0.0003]","[0.0000, 0.0000]",,"[1.0000, 1.0000]","[0.9534, 0.9568]","[0.0413, 0.0446]","[0.0015, 0.0022]","[0.0000, 0.0000]",,"[1.0000, 1.0000]","[0.9636, 0.9666]","[0.0323, 0.0353]","[0.0008, 0.0014]","[-0.0000, 0.0000]",,"[1.0000, 1.0000]","[0.9650, 0.9679]","[0.0312, 0.0340]","[0.0007, 0.0012]","[0.0000, 0.0000]",,"[1.0000, 1.0000]","[0.9705, 0.9732]","[0.0261, 0.0287]","[0.0006, 0.0010]","[0.0000, 0.0000]",,"[1.0000, 1.0000]","[0.9919, 0.9933]","[0.0066, 0.0080]",,"[1.0000, 1.0000]","[0.9955, 0.9965]","[0.0035, 0.0045]"
,,,,,,,,,,,,,,,,,,,,,,,,,,,,,,,,,,,,,,,,,,,,,,,,,,,,,,,,,,,,,,,,,,,,,,,,,,,,,,,,,,,,,,,,,,,,,,,,,,,,,,,,,,,,,,,,,,,,,,,,,,,,,,,,,,,,,,,,
"(200,(3log200)/200)",99995,84701,0,0.84715,,86656,28805,28824,14495,4908,7284,164,3727,1,1796,0,859,0,424,0,205,0,119,0,62,0,24,0,9,0,15,0,,98001,56140,27957,9314,1222,3045,5,1013,0,365,0,108,0,39,0,13,0,,99810,76074,18926,3896,148,759,0,131,0,17,0,,99958,83648,13993,1964,36,290,0,58,0,,99991,90060,9067,786,7,69,0,,99998,91730,7637,582,2,46,0,,99998,93696,5930,342,2,29,0,,100000,94377,5350,261,0,11,0,,99999,95482,4308,198,1,,100000,96449,3425,119,0,,100000,96642,3256,100,0,,100000,97237,2695,66,0,,100000,99266,726,,100000,99656,343
,"[0.9999, 1.0000]","[0.8441, 0.8499]","[0.0000, 0.0000]",,,"[0.8638, 0.8693]","[0.2844, 0.2917]","[0.2846, 0.2919]","[0.1421, 0.1478]","[0.0473, 0.0508]","[0.0707, 0.0750]","[0.0013, 0.0020]","[0.0357, 0.0388]","[-0.0000, 0.0000]","[0.0169, 0.0190]","[0.0000, 0.0000]","[0.0078, 0.0093]","[0.0000, 0.0000]","[0.0037, 0.0048]","[0.0000, 0.0000]","[0.0017, 0.0024]","[0.0000, 0.0000]","[0.0009, 0.0015]","[0.0000, 0.0000]","[0.0004, 0.0008]","[0.0000, 0.0000]","[0.0001, 0.0004]","[0.0000, 0.0000]","[0.0000, 0.0002]","[0.0000, 0.0000]","[0.0001, 0.0002]","[0.0000, 0.0000]",,"[0.9789, 0.9812]","[0.5574, 0.5654]","[0.2759, 0.2832]","[0.0908, 0.0955]","[0.0113, 0.0131]","[0.0291, 0.0318]","[-0.0000, 0.0001]","[0.0093, 0.0109]","[0.0000, 0.0000]","[0.0032, 0.0041]","[0.0000, 0.0000]","[0.0008, 0.0013]","[0.0000, 0.0000]","[0.0002, 0.0006]","[0.0000, 0.0000]","[0.0000, 0.0002]","[0.0000, 0.0000]",,"[0.9977, 0.9985]","[0.7573, 0.7642]","[0.1861, 0.1925]","[0.0374, 0.0405]","[0.0012, 0.0018]","[0.0069, 0.0083]","[0.0000, 0.0000]","[0.0010, 0.0016]","[0.0000, 0.0000]","[0.0001, 0.0003]","[0.0000, 0.0000]",,"[0.9994, 0.9997]","[0.8335, 0.8395]","[0.1371, 0.1428]","[0.0185, 0.0208]","[0.0002, 0.0005]","[0.0025, 0.0033]","[0.0000, 0.0000]","[0.0004, 0.0008]","[0.0000, 0.0000]",,"[0.9998, 1.0000]","[0.8982, 0.9030]","[0.0883, 0.0930]","[0.0071, 0.0086]","[0.0000, 0.0001]","[0.0005, 0.0009]","[0.0000, 0.0000]",,"[0.9999, 1.0000]","[0.9151, 0.9195]","[0.0742, 0.0785]","[0.0052, 0.0064]","[-0.0000, 0.0001]","[0.0003, 0.0006]","[0.0000, 0.0000]",,"[0.9999, 1.0000]","[0.9350, 0.9389]","[0.0574, 0.0612]","[0.0029, 0.0039]","[-0.0000, 0.0001]","[0.0002, 0.0004]","[0.0000, 0.0000]",,"[1.0000, 1.0000]","[0.9419, 0.9456]","[0.0517, 0.0553]","[0.0022, 0.0030]","[0.0000, 0.0000]","[0.0000, 0.0002]","[0.0000, 0.0000]",,"[1.0000, 1.0000]","[0.9531, 0.9565]","[0.0414, 0.0447]","[0.0016, 0.0023]","[-0.0000, 0.0000]",,"[1.0000, 1.0000]","[0.9630, 0.9660]","[0.0328, 0.0357]","[0.0009, 0.0015]","[0.0000, 0.0000]",,"[1.0000, 1.0000]","[0.9650, 0.9679]","[0.0311, 0.0340]","[0.0007, 0.0013]","[0.0000, 0.0000]",,"[1.0000, 1.0000]","[0.9710, 0.9737]","[0.0256, 0.0283]","[0.0005, 0.0009]","[0.0000, 0.0000]",,"[1.0000, 1.0000]","[0.9920, 0.9934]","[0.0066, 0.0080]",,"[1.0000, 1.0000]","[0.9961, 0.9970]","[0.0030, 0.0039]"